{
  "project_info": {
    "project_number": "360448061461",
    "project_id": "college-connect-933fa",
    "storage_bucket": "college-connect-933fa.firebasestorage.app"
  },
  "client": [
    {
      "client_info": {
        "mobilesdk_app_id": "1:360448061461:android:96baf199c077b470065e1c",
        "android_client_info": {
          "package_name": "com.example.collegeconnect"
        }
      },
      "oauth_client": [],
      "api_key": [
        {
          "current_key": "AIzaSyCLzrBkRYh0RYlN8pKfV6exelMpQjmPHVI"
        }
      ],
      "services": {
        "appinvite_service": {
          "other_platform_oauth_client": []
        }
      }
    }
  ],
  "configuration_version": "1"
}